year,month,installed capacity(kW),Power generation(kW-h),Average unit capacity per day
2016,1,651.42,"28,418",1.41
2016,1,40.25,"1,642",1.32
2016,1,91.8,"4,805",1.69
2016,1,115.8,"5,391",1.5
2016,1,41.9,"2,660",2.05
2016,1,2123.04,"154,455",2.35
2016,1,6485.94,"490,214",2.44
2016,1,91.125,"6,386",2.26
2016,1,60,"2,666",1.43
2016,1,4636.8,"367,955",2.56
2016,1,1627.65,"126,346",2.5
2016,1,60.03,"4,854",2.61
2016,1,1458.24,"120,185",2.66
2016,1,70.61,"3,986",1.82
2016,1,154.56,"6,114",1.28
2016,1,528,"34,445",2.1
2016,2,651.42,"35,842",1.77
2016,2,40.25,"1,929",1.55
2016,2,91.8,"5,449",1.91
2016,2,115.8,"6,499",1.81
2016,2,41.9,"3,019",2.32
2016,2,2123.04,"162,792",2.47
2016,2,6485.94,"528,472",2.63
2016,2,91.125,"6,965",2.47
2016,2,60,"3,422",1.84
2016,2,4636.8,"478,599",3.33
2016,2,1627.65,"168,571",3.34
2016,2,60.03,"5,427",2.92
2016,2,1458.24,"165,213",3.65
2016,2,70.61,"5,201",2.38
2016,2,154.56,"8,394",1.75
2016,2,528,"43,127",2.63
2016,3,651.42,"43,362",2.15
2016,3,40.25,"2,407",1.93
2016,3,91.8,"6,147",2.16
2016,3,115.8,"6,962",1.94
2016,3,41.9,"3,070",2.36
2016,3,2123.04,"162,774",2.47
2016,3,6485.94,"540,858",2.69
2016,3,91.125,"7,477",2.65
2016,3,60,"3,241",1.74
2016,3,4636.8,"466,168",3.24
2016,3,1627.65,"152,340",3.02
2016,3,60.03,"5,917",3.18
2016,3,1458.24,"155,039",3.43
2016,3,70.61,"6,013",2.75
2016,3,154.56,"10,787",2.25
2016,3,528,"42,465",2.59
2016,4,651.42,"54,501",2.7
2016,4,40.25,"2,895",2.32
2016,4,91.8,"7,967",2.8
2016,4,115.8,"9,512",2.65
2016,4,41.9,"3,809",2.93
2016,4,2123.04,"196,821",2.99
2016,4,6485.94,"638,786",3.18
2016,4,91.125,"8,866",3.14
2016,4,60,"4,249",2.28
2016,4,4636.8,"573,206",3.99
2016,4,1627.65,"205,959",4.08
2016,4,60.03,"7,396",3.97
2016,4,1458.24,"174,955",3.87
2016,4,70.61,"7,553",3.45
2016,4,154.56,"13,850",2.89
2016,4,528,"41,406",2.53
2016,5,651.42,"72,106",3.57
2016,5,40.25,"3,948",3.16
2016,5,91.8,"10,158",3.57
2016,5,115.8,"10,503",2.93
2016,5,41.9,"4,283",3.3
2016,5,2123.04,"255,847",3.89
2016,5,6485.94,"809,137",4.02
2016,5,91.125,"10,419",3.69
2016,5,60,"5,209",2.8
2016,5,4636.8,"629,290",4.38
2016,5,1627.65,"224,320",4.45
2016,5,60.03,"7,996",4.3
2016,5,1458.24,"193,842",4.29
2016,5,70.61,"9,012",4.12
2016,5,154.56,"15,294",3.19
2016,5,528,"54,701",3.34
2016,6,651.42,"82,819",4.1
2016,6,40.25,"4,679",3.75
2016,6,91.8,"10,465",3.68
2016,6,115.8,"11,524",3.21
2016,6,41.9,"4,519",3.48
2016,6,2123.04,"256,324",3.89
2016,6,6485.94,"820,239",4.08
2016,6,91.125,"10,174",3.6
2016,6,60,"4,989",2.68
2016,6,4636.8,"613,456",4.27
2016,6,1627.65,"206,572",4.09
2016,6,60.03,"7,174",3.86
2016,6,1458.24,"190,836",4.22
2016,6,70.61,"9,000",4.11
2016,6,154.56,"15,689",3.27
2016,6,528,"53,452",3.27
2016,7,651.42,"101,279",5.02
2016,7,40.25,"5,365",4.3
2016,7,91.8,"12,177",4.28
2016,7,115.8,"13,630",3.8
2016,7,41.9,"5,228",4.02
2016,7,2123.04,"300,183",4.56
2016,7,6485.94,"957,133",4.76
2016,7,91.125,"11,696",4.14
2016,7,60,"5,502",2.96
2016,7,4636.8,"631,460",4.39
2016,7,1627.65,"221,991",4.4
2016,7,60.03,"7,850",4.22
2016,7,1458.24,"196,822",4.35
2016,7,70.61,"10,049",4.59
2016,7,154.56,"16,758",3.5
2016,7,528,"58,671",3.58
2016,8,651.42,"91,065",4.51
2016,8,40.25,"4,760",3.81
2016,8,91.8,"10,600",3.72
2016,8,115.8,"10,094",2.81
2016,8,41.9,"4,333",3.34
2016,8,2123.04,"266,741",4.05
2016,8,6485.94,"839,858",4.18
2016,8,91.125,"10,536",3.73
2016,8,60,"4,727",2.54
2016,8,4636.8,"599,392",4.17
2016,8,1627.65,"211,809",4.2
2016,8,60.03,"7,480",4.02
2016,8,1458.24,"161,103",3.56
2016,8,70.61,"8,745",4
2016,8,154.56,"14,296",2.98
2016,8,528,"56,181",3.43
2016,9,651.42,"67,287",3.33
2016,9,40.25,"3,615",2.9
2016,9,91.8,"8,173",2.87
2016,9,115.8,"8,910",2.48
2016,9,41.9,"3,703",2.85
2016,9,2123.04,"210,910",3.2
2016,9,6485.94,"667,044",3.32
2016,9,91.125,"8,717",3.09
2016,9,60,"4,072",2.19
2016,9,4636.8,"469,712",3.27
2016,9,1627.65,"169,250",3.35
2016,9,60.03,"6,471",3.48
2016,9,1458.24,"103,077",2.28
2016,9,70.61,"5,986",2.73
2016,9,154.56,"7,522",1.57
2016,9,528,"23,383",1.43
2016,10,651.42,"69,658",3.45
2016,10,40.25,"3,922",3.14
2016,10,91.8,"9,205",3.23
2016,10,115.8,"9,862",2.75
2016,10,41.9,"4,389",3.38
2016,10,2123.04,"242,667",3.69
2016,10,6485.94,"716,034",3.56
2016,10,91.125,"10,530",3.73
2016,10,60,"4,143",2.23
2016,10,4636.8,"543,268",3.78
2016,10,1627.65,"183,393",3.63
2016,10,60.03,"6,764",3.63
2016,10,1458.24,"160,871",3.56
2016,10,70.61,"6,062",2.77
2016,10,154.56,"10,675",2.23
2016,10,528,"43,089",2.63
2016,11,651.42,"54,441",2.7
2016,11,40.25,"3,065",2.46
2016,11,91.8,"6,868",2.41
2016,11,115.8,"7,991",2.23
2016,11,41.9,"3,228",2.49
2016,11,2123.04,"191,704",2.91
2016,11,6485.94,"586,293",2.92
2016,11,91.125,"8,384",2.97
2016,11,60,"3,184",1.71
2016,11,4636.8,"441,420",3.07
2016,11,1627.65,"160,441",3.18
2016,11,60.03,"5,762",3.1
2016,11,1458.24,"145,829",3.23
2016,11,70.61,"6,273",2.87
2016,11,154.56,"10,672",2.23
2016,11,528,"28,198",1.72
2016,12,651.42,"50,126",2.48
2016,12,40.25,"3,040",2.44
2016,12,91.8,"7,039",2.47
2016,12,115.8,"8,953",2.49
2016,12,41.9,"3,992",3.07
2016,12,2123.04,"177,942",2.7
2016,12,6485.94,"593,372",2.95
2016,12,91.125,"9,047",3.2
2016,12,60,"3,466",1.86
2016,12,4636.8,"494,428",3.44
2016,12,1627.65,"166,752",3.3
2016,12,60.03,"6,133",3.3
2016,12,1458.24,"151,676",3.36
2016,12,70.61,"5,594",2.56
2016,12,154.56,"10,334",2.16
2016,12,528,"45,982",2.81
2017,1,651.42,"44,838",2.22
2017,1,40.25,"2,759",2.21
2017,1,91.8,"7,689",2.7
2017,1,115.8,"9,264",2.58
2017,1,41.9,"4,101",3.16
2017,1,2123.04,"192,042",2.92
2017,1,6485.94,"657,732",3.27
2017,1,91.125,"10,046",3.56
2017,1,60,"3,615",1.94
2017,1,4636.8,"545,572",3.8
2017,1,1627.65,"187,707",3.72
2017,1,60.03,"6,910",3.71
2017,1,1458.24,"177,869",3.93
2017,1,70.61,"5,708",2.61
2017,1,154.56,"10,071",2.1
2017,1,528,"46,570",2.85
2017,2,651.42,"46,619",2.31
2017,2,40.25,"2,809",2.25
2017,2,91.8,"6,775",2.38
2017,2,115.8,"7,564",2.11
2017,2,41.9,"3,311",2.55
2017,2,2123.04,"157,433",2.39
2017,2,6485.94,"586,088",2.91
2017,2,91.125,"8,505",3.01
2017,2,60,"2,979",1.6
2017,2,4636.8,"476,020",3.31
2017,2,1627.65,"159,059",3.15
2017,2,60.03,"6,013",3.23
2017,2,1458.24,"150,151",3.32
2017,2,70.61,"5,696",2.6
2017,2,154.56,"8,450",1.76
2017,2,528,"53,571",3.27
2017,3,651.42,"48,198",2.39
2017,3,40.25,"2,605",2.09
2017,3,91.8,"7,732",2.72
2017,3,115.8,"9,176",2.56
2017,3,41.9,"3,671",2.83
2017,3,2123.04,"208,745",3.17
2017,3,6485.94,"697,643",3.47
2017,3,91.125,"9,158",3.24
2017,3,60,"3,914",2.1
2017,3,4636.8,"588,272",4.09
2017,3,1627.65,"205,762",4.08
2017,3,60.03,"7,260",3.9
2017,3,1458.24,"181,984",4.03
2017,3,70.61,"6,816",3.11
2017,3,154.56,"11,096",2.32
2017,3,528,"44,781",2.74
2017,4,651.42,"66,604",3.3
2017,4,40.25,"3,861",3.09
2017,4,91.8,"8,373",2.94
2017,4,115.8,"9,799",2.73
2017,4,41.9,"3,909",3.01
2017,4,2123.04,"213,216",3.24
2017,4,6485.94,"730,315",3.63
2017,4,91.125,"9,685",3.43
2017,4,60,"4,106",2.21
2017,4,4636.8,"593,164",4.13
2017,4,1627.65,"195,544",3.88
2017,4,60.03,"7,236",3.89
2017,4,1458.24,"186,425",4.12
2017,4,70.61,"8,555",3.91
2017,4,154.56,"13,308",2.78
2017,4,528,"55,974",3.42
2017,5,651.42,"72,308",3.58
2017,5,40.25,"3,889",3.12
2017,5,91.8,"9,426",3.31
2017,5,115.8,"10,490",2.92
2017,5,41.9,"4,136",3.18
2017,5,2123.04,"238,684",3.63
2017,5,6485.94,"779,690",3.88
2017,5,91.125,"10,159",3.6
2017,5,60,"4,094",2.2
2017,5,4636.8,"609,836",4.24
2017,5,1627.65,"213,508",4.23
2017,5,60.03,"7,353",3.95
2017,5,1458.24,"183,722",4.06
2017,5,70.61,"8,416",3.84
2017,5,154.56,"14,191",2.96
2017,5,528,"60,898",3.72
2017,6,651.42,"68,465",3.39
2017,6,40.25,"3,800",3.05
2017,6,91.8,"8,499",2.99
2017,6,115.8,"9,120",2.54
2017,6,41.9,"3,670",2.83
2017,6,2123.04,"227,298",3.45
2017,6,6485.94,"672,995",3.35
2017,6,91.125,"8,638",3.06
2017,6,60,"3,750",2.02
2017,6,4636.8,"557,144",3.88
2017,6,1627.65,"194,201",3.85
2017,6,60.03,"7,005",3.76
2017,6,1458.24,"175,074",3.87
2017,6,70.61,"8,099",3.7
2017,6,154.56,"13,108",2.74
2017,6,528,"48,600",2.97
2017,7,651.42,"94,842",4.7
2017,7,40.25,"5,016",4.02
2017,7,91.8,"11,335",3.98
2017,7,115.8,"10,907",3.04
2017,7,41.9,"4,249",3.27
2017,7,2123.04,"267,838",4.07
2017,7,6485.94,"835,403",4.15
2017,7,91.125,"10,368",3.67
2017,7,60,"4,157",2.23
2017,7,4636.8,"634,132",4.41
2017,7,1627.65,"177,733",3.52
2017,7,60.03,"7,088",3.81
2017,7,1458.24,"171,311",3.79
2017,7,70.61,"9,815",4.48
2017,7,154.56,"15,344",3.2
2017,7,528,"68,305",4.17
2017,8,651.42,"90,878",4.5
2017,8,40.25,"5,550",4.45
2017,8,91.8,"10,538",3.7
2017,8,115.8,"11,409",3.18
2017,8,41.9,"4,620",3.56
2017,8,2123.04,"279,324",4.24
2017,8,6485.94,"904,531",4.5
2017,8,91.125,"10,375",3.67
2017,8,60,"4,446",2.39
2017,8,4636.8,"637,092",4.43
2017,8,1627.65,"189,824",3.76
2017,8,60.03,"7,276",3.91
2017,8,1458.24,"174,720",3.87
2017,8,70.61,"8,954",4.09
2017,8,154.56,"16,018",3.34
2017,8,528,"66,169",4.04
2017,9,651.42,"72,913",3.73
2017,9,40.25,"4,501",3.73
2017,9,91.8,"9,375",3.4
2017,9,115.8,"9,582",2.76
2017,9,41.9,"4,497",3.58
2017,9,2123.04,"268,235",4.21
2017,9,6485.94,"838,332",4.31
2017,9,91.125,"10,356",3.79
2017,9,60,"4,369",2.43
2017,9,4636.8,"611,408",4.4
2017,9,1627.65,"207,919",4.26
2017,9,60.03,"7,643",4.24
2017,9,1458.24,"190,599",4.36
2017,9,70.61,"8,244",3.89
2017,9,154.56,"15,048",3.25
2017,9,528,"55,378",3.5
2017,10,651.42,60156,3.08
2017,10,40.25,3488,2.89
2017,10,91.8,9075,3.3
2017,10,115.8,9048,2.6
2017,10,41.9,4590,3.65
2017,10,2123.04,226283,3.55
2017,10,6485.94,673768,3.46
2017,10,91.125,10607,3.88
2017,10,60,3740,2.08
2017,10,4636.8,568081,4.08
2017,10,1627.65,198105,4.06
2017,10,60.03,7159,3.98
2017,10,1458.24,148577,3.4
2017,10,70.61,6254,2.95
2017,10,154.56,12202,2.63
2017,10,528,59572,3.76
2017,11,651.42,33793,1.73
2017,11,40.25,2147,1.78
2017,11,91.8,6593,2.39
2017,11,115.8,7117,2.05
2017,11,41.9,3548,2.82
2017,11,2123.04,170428,2.68
2017,11,6485.94,506585,2.6
2017,11,91.125,7860,2.88
2017,11,60,2470,1.37
2017,11,4636.8,467836,3.36
2017,11,1627.65,152524,3.12
2017,11,60.03,5810,3.23
2017,11,1458.24,132599,3.03
2017,11,70.61,4361,2.06
2017,11,154.56,6578,1.42
2017,11,528,32073,2.02
2017,12,651.42,40855,2.02
2017,12,40.25,2466,1.98
2017,12,91.8,6104,2.14
2017,12,115.8,6480,1.81
2017,12,41.9,3369,2.59
2017,12,2123.04,168442,2.56
2017,12,6485.94,545519,2.71
2017,12,91.125,8029,2.84
2017,12,60,2175,1.17
2017,12,4636.8,434732,3.02
2017,12,1627.65,141199,2.8
2017,12,60.03,5629,3.02
2017,12,1458.24,134371,2.97
2017,12,70.61,4868,2.22
2017,12,154.56,9256,1.93
2017,12,528,41203,2.52
2018,1,651.42,48440,2.4
2018,1,40.25,2766,2.22
2018,1,91.8,6462,2.27
2018,1,115.8,5858,1.63
2018,1,41.9,3185,2.45
2018,1,2123.04,164365,2.5
2018,1,6485.94,501612,2.49
2018,1,91.125,7835,2.77
2018,1,60,2019,1.09
2018,1,4636.8,451264,3.14
2018,1,1627.65,148842,2.95
2018,1,60.03,5328,2.86
2018,1,1458.24,156170,3.45
2018,1,70.61,5169,2.36
2018,1,154.56,8456,1.76
2018,1,528,35753,2.18
2018,2,651.42,36597,2.01
2018,2,40.25,1973,1.75
2018,2,91.8,5634,2.19
2018,2,115.8,5479,1.69
2018,2,41.9,2957,2.52
2018,2,2123.04,161899,2.72
2018,2,6485.94,418656,2.31
2018,2,91.125,7118,2.79
2018,2,60,1952,1.16
2018,2,4636.8,435380,3.35
2018,2,1627.65,140172,3.08
2018,2,60.03,4515,2.69
2018,2,1458.24,140381,3.44
2018,2,70.61,4838,2.45
2018,2,154.56,6301,1.46
2018,2,528,36579,2.47
2018,3,651.42,73986,3.663757885
2018,3,40.25,4342,3.479863755
2018,3,91.8,9842,3.458429967
2018,3,115.8,8700,2.423533344
2018,3,41.9,4351,3.349757487
2018,3,2123.04,271357,4.123074277
2018,3,6485.94,776348,3.861195736
2018,3,91.125,11771,4.16691004
2018,3,60,3570,1.919354839
2018,3,4636.8,627823,4.367743883
2018,3,1627.65,247753,4.910166349
2018,3,60.03,7313,3.929755552
2018,3,1458.24,197819,4.37599988
2018,3,70.61,9321,4.258283803
2018,3,154.56,13666,2.852217325
2018,3,528,53764,3.284701857
2018,4,651.42,74427,3.808449234
2018,4,40.25,3845,3.18426501
2018,4,91.8,8580,3.11546841
2018,4,115.8,9338,2.687967761
2018,4,41.9,3903,3.105011933
2018,4,2123.04,243325,3.82038649
2018,4,6485.94,779078,4.003932609
2018,4,91.125,9967,3.645907636
2018,4,60,3566,1.981111111
2018,4,4636.8,580110,4.170332988
2018,4,1627.65,214125,4.385156514
2018,4,60.03,7426,4.123493809
2018,4,1458.24,183524,4.195102772
2018,4,70.61,9085,4.288816504
2018,4,154.56,16028,3.456694272
2018,4,528,50419,3.183017677
2018,5,651.42,92446,4.57788989
2018,5,40.25,5000,4.007212983
2018,5,91.8,10722,3.767657601
2018,5,115.8,12296,3.42526046
2018,5,41.9,4850,3.733928709
2018,5,2123.04,279204,4.242303793
2018,5,6485.94,905260,4.502344376
2018,5,91.125,11366,4.023540865
2018,5,60,4278,2.3
2018,5,4636.8,694750,4.833352813
2018,5,1627.65,244157,4.838897956
2018,5,60.03,8369,4.497213759
2018,5,1458.24,205451,4.544829118
2018,5,70.61,11068,5.056397933
2018,5,154.56,18686,3.899936552
2018,5,528,64369,3.932612414
2018,6,651.42,72790,3.724683512
2018,6,40.25,3890,3.221532091
2018,6,91.8,9574,3.476397967
2018,6,115.8,9831,2.829879102
2018,6,41.9,3945,3.138424821
2018,6,2123.04,232827,3.655559952
2018,6,6485.94,775629,3.986207088
2018,6,91.125,9947,3.638591678
2018,6,60,3018,1.676666667
2018,6,4636.8,521106,3.746161146
2018,6,1627.65,186668,3.822852988
2018,6,60.03,6117,3.396635016
2018,6,1458.24,158053,3.612871224
2018,6,70.61,8002,3.777557475
2018,6,154.56,13802,2.976621808
2018,6,528,48048,3.033333333
2018,7,651.42,84461,4.182475802
2018,7,40.25,3839,3.076738129
2018,7,91.8,9937,3.491812496
2018,7,115.8,9078,2.52883169
2018,7,41.9,3540,2.725383016
2018,7,2123.04,261553,3.974109554
2018,7,6485.94,717856,3.570283592
2018,7,91.125,9884,3.498915881
2018,7,60,3314,1.78172043
2018,7,4636.8,602098,4.188775908
2018,7,1627.65,184682,3.66017502
2018,7,60.03,6687,3.593364608
2018,7,1458.24,165510,3.661285013
2018,7,70.61,8678,3.964530291
2018,7,154.56,15337,3.200970079
2018,7,528,55925,3.416727761
2018,8,651.42,75631,3.75
2018,8,40.25,4084,3.27
2018,8,91.8,8801,3.09
2018,8,115.8,8801,2.45
2018,8,41.9,3576,2.75
2018,8,2123.04,225280,3.42
2018,8,6485.94,624547,3.11
2018,8,91.125,8845,3.13
2018,8,60,3082,1.66
2018,8,4636.8,398456,2.77
2018,8,1627.65,158497,3.14
2018,8,60.03,5108,2.74
2018,8,1458.24,107578,2.38
2018,8,70.61,7628,3.48
2018,8,154.56,11957,2.5
2018,8,528,46402,2.83
2018,9,651.42,68884,3.52
2018,9,40.25,4070,3.37
2018,9,91.8,9365,3.4
2018,9,115.8,10081,2.9
2018,9,41.9,4338,3.45
2018,9,2123.04,256297,4.02
2018,9,6485.94,679234,3.49
2018,9,91.125,9433,3.45
2018,9,60,3331,1.85
2018,9,4636.8,600805,4.32
2018,9,1627.65,213823,4.38
2018,9,60.03,7308,4.06
2018,9,1458.24,145338,3.32
2018,9,70.61,7859,3.71
2018,9,154.56,15254,3.29
2018,9,528,50790,3.21
2018,10,651.42,64117,3.18
2018,10,40.25,3270,2.62
2018,10,91.8,9760,3.43
2018,10,115.8,10347,2.88
2018,10,41.9,4371,3.37
2018,10,2123.04,244534,3.72
2018,10,6485.94,708449,3.52
2018,10,91.125,4907,1.74
2018,10,60,3278,1.76
2018,10,4636.8,572710,3.98
2018,10,1627.65,205053,4.06
2018,10,60.03,7134,3.83
2018,10,1458.24,143340,3.17
2018,10,70.61,8674,3.96
2018,10,154.56,45770,9.55
2018,10,528,50683,3.1
2018,11,651.42,47366,2.42
2018,11,40.25,2568,2.13
2018,11,91.8,6674,2.42
2018,11,115.8,7426,2.14
2018,11,41.9,3259,2.59
2018,11,2123.04,174072,2.73
2018,11,6485.94,568164,2.92
2018,11,91.125,3405,1.25
2018,11,60,2190,1.22
2018,11,4636.8,456901,3.28
2018,11,1627.65,157683,3.23
2018,11,60.03,5606,3.11
2018,11,1458.24,142773,3.26
2018,11,70.61,6001,2.83
2018,11,154.56,30237,6.52
2018,11,528,38940,2.46
2018,12,651.42,78457,3.89
2018,12,40.25,2575,2.06
2018,12,91.8,6622,2.33
2018,12,115.8,8636,2.41
2018,12,41.9,3569,2.75
2018,12,2123.04,178306,2.71
2018,12,6485.94,608609,3.03
2018,12,91.125,3679,1.3
2018,12,60,2217,1.19
2018,12,4636.8,501575,3.49
2018,12,1627.65,162634,3.22
2018,12,60.03,6218,3.34
2018,12,1458.24,142058,3.14
2018,12,70.61,5071,2.32
2018,12,154.56,25475,5.32
2018,12,528,39437,2.41
2019,1,651.42,40503,2.01
2019,1,40.25,2593,2.08
2019,1,91.8,6710,2.36
2019,1,115.8,7937,2.21
2019,1,41.9,3540,2.73
2019,1,2123.04,166846,2.54
2019,1,6485.94,546490,2.72
2019,1,91.125,3619,1.28
2019,1,60,2025,1.09
2019,1,4636.8,483665,3.36
2019,1,1627.65,166450,3.3
2019,1,60.03,5842,3.14
2019,1,1458.24,143577,3.18
2019,1,70.61,4580,2.09
2019,1,154.56,9662,2.02
2019,1,528,46081,2.82
2019,2,651.42,28241,1.55
2019,2,40.25,1800,1.6
2019,2,91.8,7126,2.77
2019,2,115.8,8725,2.69
2019,2,41.9,3626,3.09
2019,2,2123.04,175365,2.95
2019,2,6485.94,581115,3.2
2019,2,91.125,3983,1.56
2019,2,60,2513,1.5
2019,2,4636.8,557631,4.3
2019,2,1627.65,194639,4.27
2019,2,60.03,6615,3.94
2019,2,1458.24,157864,3.87
2019,2,70.61,4726,2.39
2019,2,154.56,10260,2.37
2019,2,528,34698,2.35
2019,3,651.42,45814,2.27
2019,3,40.25,2825,2.26
2019,3,91.8,6529,2.29
2019,3,115.8,7655,2.13
2019,3,41.9,3074,2.37
2019,3,2123.04,183238,2.78
2019,3,6485.94,559409,2.78
2019,3,91.125,3412,1.21
2019,3,60,2360,1.27
2019,3,4636.8,506985,3.53
2019,3,1627.65,186120,3.69
2019,3,60.03,6340,3.41
2019,3,1458.24,179028,3.96
2019,3,70.61,6300,2.88
2019,3,154.56,12007,2.51
2019,3,528,44929,2.74
2019,4,651.42,"62,486",3.2
2019,4,40.25,"3,400",2.82
2019,4,91.8,"7,852",2.85
2019,4,115.8,"9,623",2.77
2019,4,41.9,"3,802",3.02
2019,4,2123.04,"206,878",3.25
2019,4,6485.94,"624,497",3.21
2019,4,91.125,"3,062",1.12
2019,4,60,"2,863",1.59
2019,4,4636.8,"617,396",4.44
2019,4,1627.65,"210,045",4.3
2019,4,60.03,"7,121",3.95
2019,4,1458.24,"184,397",4.22
2019,4,70.61,"7,504",3.54
2019,4,154.56,"13,548",2.92
2019,4,528,"48,798",3.08
2019,4,199.72,"25,514",4.26
2019,4,162,"15,573",3.2
2019,4,228,"23,582",3.45
2019,4,198,"22,281",3.75
2019,4,258,"31,841",4.11
2019,4,1799.5,"240,901",4.46
2019,4,379.76,"48,264",4.24
2019,4,497.76,"61,203",4.1
2019,4,710.04,"72,387",3.4
2019,4,907.68,"93,435",3.43
2019,5,651.42,"57,139",2.83
2019,5,40.25,"3,026",2.43
2019,5,91.8,"6,595",2.32
2019,5,115.8,"6,508",1.81
2019,5,41.9,"2,834",2.18
2019,5,2123.04,"191,837",2.96
2019,5,6485.94,"591,014",2.93
2019,5,91.125,"2,335",0.83
2019,5,60,"2,196",1.18
2019,5,4636.8,"507,230",3.53
2019,5,1627.65,"185,461",3.65
2019,5,60.03,"5,983",3.22
2019,5,1458.24,"150,885",3.46
2019,5,70.61,"6,733",3.08
2019,5,154.56,"13,439",2.8
2019,5,528,"45,647",2.79
2019,5,199.72,"22,986",3.71
2019,5,162,"12,947",2.58
2019,5,228,"21,356",3.02
2019,5,198,"19,006",3.1
2019,5,258,"27,057",3.38
2019,5,1799.5,"205,554",3.68
2019,5,379.76,"42,486",3.61
2019,5,497.76,"29,747",1.93
2019,5,710.04,"70,440",3.2
2019,5,907.68,"89,754",3.19
2019,5,99999.1,"6,507,157",2.1
2019,6,651.42,"48,022",2.46
2019,6,40.25,"3,850",3.19
2019,6,91.8,"8,030",2.92
2019,6,115.8,"8,695",2.5
2019,6,41.9,"3,438",2.74
2019,6,2123.04,"221,705",3.53
2019,6,6485.94,"680,557",3.49
2019,6,91.125,"2,700",0.99
2019,6,60,"2,342",1.3
2019,6,4636.8,"576,892",4.15
2019,6,1627.65,"193,940",3.96
2019,6,60.03,"6,279",3.49
2019,6,1458.24,"169,326",4.09
2019,6,70.61,"7,979",3.77
2019,6,154.56,"14,055",3.03
2019,6,528,"48,875",3.09
2019,6,199.72,"24,703",4.12
2019,6,162,"16,896",3.48
2019,6,228,"25,737",3.76
2019,6,198,"20,953",3.53
2019,6,258,"30,159",3.9
2019,6,1799.5,"189,176",3.5
2019,6,379.76,"45,697",4.01
2019,6,497.76,"55,200",3.7
2019,6,710.04,"83,227",3.91
2019,6,907.68,"94,775",3.48
2019,6,99999.1,"12,693,699",4.23
2019,7,651.42,42948,2.13
2019,7,40.25,4860,3.9
2019,7,91.8,8484,2.98
2019,7,115.8,10240,2.85
2019,7,41.9,4139,3.19
2019,7,2123.04,247449,3.8
2019,7,6485.94,734462,3.65
2019,7,91.125,3996,1.41
2019,7,60,2812,1.51
2019,7,4636.8,514325,3.58
2019,7,1627.65,181511,3.59
2019,7,60.03,5918,3.18
2019,7,1458.24,144342,3.19
2019,7,70.61,8011,3.66
2019,7,154.56,14479,3.02
2019,7,528,56144,3.43
2019,7,199.72,27498,4.44
2019,7,162,21908,4.36
2019,7,228,32694,4.63
2019,7,198,25749,4.2
2019,7,258,34012,4.25
2019,7,1799.5,207261,3.72
2019,7,379.76,43298,3.68
2019,7,497.76,53930,3.5
2019,7,710.04,109170,4.96
2019,7,907.68,125556,4.46
2019,7,99999.1,13958203,4.5
2019,8,651.42,43600,2.16
2019,8,40.25,4484,3.59
2019,8,91.8,6759,2.38
2019,8,115.8,7330,2.04
2019,8,41.9,3234,2.49
2019,8,2123.04,212556,3.27
2019,8,6485.94,604093,2.97
2019,8,91.125,4973,1.76
2019,8,60,2013,1.08
2019,8,4636.8,450332,3.13
2019,8,1627.65,157347,3.13
2019,8,60.03,5152,2.77
2019,8,1458.24,127892,2.99
2019,8,70.61,7211,3.29
2019,8,154.56,13754,2.87
2019,8,528,16670,1.02
2019,8,199.72,24383,3.94
2019,8,162,20161,4.01
2019,8,228,29258,4.14
2019,8,198,20512,3.34
2019,8,258,28642,3.58
2019,8,1799.5,191603,3.43
2019,8,379.76,36092,3.07
2019,8,497.76,45471,2.95
2019,8,710.04,91811,4.17
2019,8,907.68,128091,4.55
2019,8,99999.1,11123701,3.59
2019,9,651.42,36029,1.84
2019,9,40.25,3819,3.16
2019,9,91.8,8062,2.93
2019,9,115.8,9098,2.62
2019,9,41.9,4105,3.27
2019,9,2123.04,272766,4.28
2019,9,6485.94,637101,3.27
2019,9,91.125,4759,1.74
2019,9,60,2302,1.28
2019,9,4636.8,541100,3.89
2019,9,1627.65,207925,4.26
2019,9,60.03,6948,3.86
2019,9,1458.24,143754,3.29
2019,9,70.61,7921,3.74
2019,9,154.56,15560,3.36
2019,9,528,6386,0.4
2019,9,199.72,28069,4.68
2019,9,162,18334,3.77
2019,9,228,25482,3.73
2019,9,198,25003,4.21
2019,9,258,34704,4.48
2019,9,1799.5,253389,4.69
2019,9,379.76,48130,4.22
2019,9,497.76,60180,4.03
2019,9,710.04,82060,3.85
2019,9,907.68,105575,3.88
2019,9,99999.1,14547382,4.85
2019,10,651.42,"38,009",1.88
2019,10,40.25,"4,216",3.38
2019,10,91.8,"7,587",2.67
2019,10,115.8,"9,736",2.71
2019,10,41.9,"4,559",3.51
2019,10,2123.04,"261,576",3.93
2019,10,6485.94,"670,560",3.24
2019,10,91.125,"6,991",2.47
2019,10,60,"2,153",1.16
2019,10,4636.8,"564,265",3.93
2019,10,1627.65,"206,358",4.15
2019,10,60.03,"7,133",3.83
2019,10,1458.24,"163,001",3.73
2019,10,70.61,"7,828",3.58
2019,10,154.56,"16,576",3.46
2019,10,528,"57,692",3.52
2019,10,199.72,"27,662",4.47
2019,10,162,"21,781",4.34
2019,10,228,"29,565",4.18
2019,10,198,"25,323",4.13
2019,10,258,"33,822",4.23
2019,10,1799.5,"263,307",4.72
2019,10,379.76,"47,607",4.04
2019,10,497.76,"61,366",3.98
2019,10,710.04,"83,690",3.8
2019,10,907.68,"113,870",4.05
2019,10,99999.1,"12,744,188",4.11
2019,11,651.42,29072,1.49
2019,11,40.25,3160,2.62
2019,11,91.8,5976,2.17
2019,11,115.8,8661,2.49
2019,11,41.9,4098,3.26
2019,11,2123.04,183962,2.89
2019,11,6485.94,553262,2.84
2019,11,91.125,8914,3.26
2019,11,60,1463,0.81
2019,11,4636.8,461110,3.31
2019,11,1627.65,169196,3.47
2019,11,60.03,5779,3.21
2019,11,1458.24,128535,2.94
2019,11,70.61,5027,2.37
2019,11,154.56,12289,2.65
2019,11,528,54954,3.47
2019,11,199.72,18598,3.1
2019,11,162,18899,3.89
2019,11,228,22621,3.31
2019,11,198,20934,3.52
2019,11,258,27289,3.53
2019,11,1799.5,212869,3.94
2019,11,379.76,38453,3.38
2019,11,497.76,52985,3.55
2019,11,710.04,64551,3.03
2019,11,907.68,76296,2.8
2019,11,99999.1,10359086,3.45
2019,12,651.42,19671,0.97
2019,12,40.25,1300,1.04
2019,12,91.8,5476,1.92
2019,12,115.8,7278,2.03
2019,12,41.9,3644,2.81
2019,12,2123.04,176589,2.18
2019,12,6485.94,510390,2.54
2019,12,91.125,8033,2.84
2019,12,60,1405,0.76
2019,12,4636.8,442140,3.08
2019,12,1627.65,152586,3.02
2019,12,60.03,5382,2.89
2019,12,1458.24,141118,3.12
2019,12,70.61,4943,2.26
2019,12,154.56,11539,2.41
2019,12,528,49709,3.04
2019,12,199.72,18418,3.04
2019,12,162,12988,2.59
2019,12,228,16040,2.27
2019,12,198,18680,3.04
2019,12,258,26025,3.25
2019,12,1799.5,193997,3.48
2019,12,379.76,34794,2.96
2019,12,497.76,50429,3.27
2019,12,710.04,47843,2.17
2019,12,907.68,54596,1.94
2019,12,99999.1,9696492,3.13
2020,1,651.42,25547,1.265077483
2020,1,40.25,1774,1.421759166
2020,1,91.8,6077,2.135427648
2020,1,115.8,7729,2.153044738
2020,1,41.9,4007,3.084918008
2020,1,2123.04,209674,3.185845495
2020,1,6485.94,536828,2.669934082
2020,1,91.125,8599,3.044028497
2020,1,60,1632,0.877419355
2020,1,4636.8,542400,3.773458893
2020,1,1627.65,194408,3.852932637
2020,1,60.03,6630,3.562734762
2020,1,1458.24,157151,3.47637364
2020,1,70.61,5887,2.689466447
2020,1,154.56,11904,2.48447205
2020,1,528,48614,2.970063539
2020,1,199.72,21221,3.427540492
2020,1,162,13885,2.764834727
2020,1,228,18330,2.593378608
2020,1,198,21433,3.491854024
2020,1,258,29705,3.714053513
2020,1,1799.5,244509,4.383099248
2020,1,379.96,41816,3.550119028
2020,1,497.96,59488,3.85365841
2020,1,710.04,53619,2.435982707
2020,1,907.68,64205,2.281783263
2020,1,99999.1,11497383,3.708866606
